"Year","County","Total Sites Visited","Total Ticks Collected","Total Tested","Tick Population Density","B. burgdorferi (%)","A. phagocytophilum (%)","B. microti (%)","B. miyamotoi (%)","County Centroid"
"2025","Dutchess","7","839","51","88.88","43.1%","2%","17.6%","2%","    (41.7550085, -73.7399512)"
"2024","Dutchess","1","141","51","28.8","19.6%","5.9%","9.8%","3.9%","    (41.7550085, -73.7399512)"
"2023","Dutchess","1","116","50","110","20%","0%","18%","2%","    (41.7550085, -73.7399512)"
"2022","Dutchess","1","115","50","85","38%","6%","28%","2%","    (41.7550085, -73.7399512)"
"2021","Dutchess","7","945","100","97.5","25%","6%","15%","1%","    (41.7550085, -73.7399512)"
"2020","Dutchess","3","201","72","26.57","25%","2.8%","15.3%","0%","    (41.7550085, -73.7399512)"
"2019","Dutchess","1","164","50","167","16%","12%","4%","0%","    (41.7550085, -73.7399512)"
"2018","Dutchess","1","100","50","38.9","28%","4%","8%","2%","    (41.7550085, -73.7399512)"
"2017","Dutchess","1","104","50","35","28%","4%","12%","2%","    (41.7550085, -73.7399512)"
"2016","Dutchess","1","56","51","17","23.5%","5.9%","17.6%","0%","    (41.7550085, -73.7399512)"
"2015","Dutchess","3","185","112","34.2","34.8%","1.8%","2.7%","1.8%","    (41.7550085, -73.7399512)"
"2014","Dutchess","3","153","86","33","14%","2.3%","11.6%",,"    (41.7550085, -73.7399512)"
"2013","Dutchess","1","191","50","126.7","26%","4%","10%",,"    (41.7550085, -73.7399512)"
"2012","Dutchess","1","56","50","20","24%","0%","12%",,"    (41.7550085, -73.7399512)"
"2011","Dutchess","1","53","50","40.4","10%","0%","0%",,"    (41.7550085, -73.7399512)"
"2010","Dutchess","1","56","50","28.1","12%","0%","0%",,"    (41.7550085, -73.7399512)"
"2009","Dutchess","1","119","50","32.4","2%","2%","0%",,"    (41.7550085, -73.7399512)"
"2008","Dutchess","1","268","50","20","32%","4%","8%",,"    (41.7550085, -73.7399512)"
