Year,StateAbbr,StateDesc,LocationName,DataSource,Category,Measure,Data_Value_Unit,Data_Value_Type,Data_Value,Data_Value_Footnote_Symbol,Data_Value_Footnote,Low_Confidence_Limit,High_Confidence_Limit,TotalPopulation,TotalPop18plus,LocationID,CategoryID,MeasureId,DataValueTypeID,Short_Question_Text,Geolocation
2023,NY,New York,Dutchess,BRFSS,Health Outcomes,Cancer (non-skin) or melanoma among adults,%,Age-adjusted prevalence,7.1,,,6.4,7.8,"297,150","243,026",36027,HLTHOUT,CANCER,AgeAdjPrv,Cancer (non-skin) or Melanoma,POINT (-73.7429906726058 41.7652670782153)
2023,NY,New York,Dutchess,BRFSS,Disability,Independent living disability among adults,%,Crude prevalence,6.9,,,5.8,8.1,"297,150","243,026",36027,DISABLT,INDEPLIVE,CrdPrv,Independent Living Disability,POINT (-73.7429906726058 41.7652670782153)
2023,NY,New York,Dutchess,BRFSS,Health Outcomes,Obesity among adults,%,Age-adjusted prevalence,28.5,,,23.4,33.7,"297,150","243,026",36027,HLTHOUT,OBESITY,AgeAdjPrv,Obesity,POINT (-73.7429906726058 41.7652670782153)
2023,NY,New York,Dutchess,BRFSS,Health Outcomes,Diagnosed diabetes among adults,%,Age-adjusted prevalence,8.3,,,7.1,9.6,"297,150","243,026",36027,HLTHOUT,DIABETES,AgeAdjPrv,Diabetes,POINT (-73.7429906726058 41.7652670782153)
2023,NY,New York,Dutchess,BRFSS,Prevention,Current lack of health insurance among adults aged 18-64 years,%,Age-adjusted prevalence,6.9,,,5.4,8.7,"297,150","243,026",36027,PREVENT,ACCESS2,AgeAdjPrv,Health Insurance,POINT (-73.7429906726058 41.7652670782153)
2023,NY,New York,Dutchess,BRFSS,Health Outcomes,Stroke among adults,%,Age-adjusted prevalence,2.6,,,2.3,2.9,"297,150","243,026",36027,HLTHOUT,STROKE,AgeAdjPrv,Stroke,POINT (-73.7429906726058 41.7652670782153)
2023,NY,New York,Dutchess,BRFSS,Health Status,Fair or poor self-rated health status among adults,%,Age-adjusted prevalence,14.3,,,12.0,16.8,"297,150","243,026",36027,HLTHSTAT,GHLTH,AgeAdjPrv,General Health,POINT (-73.7429906726058 41.7652670782153)
2023,NY,New York,Dutchess,BRFSS,Prevention,Cholesterol screening among adults,%,Crude prevalence,89.9,,,88.2,91.3,"297,150","243,026",36027,PREVENT,CHOLSCREEN,CrdPrv,Cholesterol Screening,POINT (-73.7429906726058 41.7652670782153)
2022,NY,New York,Dutchess,BRFSS,Prevention,Mammography use among women aged 50-74 years,%,Crude prevalence,77.4,,,70.8,82.8,"297,150","243,026",36027,PREVENT,MAMMOUSE,CrdPrv,Mammography,POINT (-73.7429906726058 41.7652670782153)
2023,NY,New York,Dutchess,BRFSS,Health-Related Social Needs,Utility services shut-off threat in the past 12 months among adults,%,Age-adjusted prevalence,7.2,,,6.0,8.6,"297,150","243,026",36027,SOCLNEED,SHUTUTILITY,AgeAdjPrv,Utility Services Threat,POINT (-73.7429906726058 41.7652670782153)
2023,NY,New York,Dutchess,BRFSS,Health-Related Social Needs,Food insecurity in the past 12 months among adults,%,Age-adjusted prevalence,13.0,,,10.4,15.9,"297,150","243,026",36027,SOCLNEED,FOODINSECU,AgeAdjPrv,Food Insecurity,POINT (-73.7429906726058 41.7652670782153)
2023,NY,New York,Dutchess,BRFSS,Health Outcomes,Depression among adults,%,Crude prevalence,18.9,,,16.2,21.7,"297,150","243,026",36027,HLTHOUT,DEPRESSION,CrdPrv,Depression,POINT (-73.7429906726058 41.7652670782153)
2023,NY,New York,Dutchess,BRFSS,Health Outcomes,High blood pressure among adults,%,Age-adjusted prevalence,29.2,,,26.0,32.5,"297,150","243,026",36027,HLTHOUT,BPHIGH,AgeAdjPrv,High Blood Pressure,POINT (-73.7429906726058 41.7652670782153)
2023,NY,New York,Dutchess,BRFSS,Disability,Mobility disability among adults,%,Crude prevalence,11.8,,,9.8,14.0,"297,150","243,026",36027,DISABLT,MOBILITY,CrdPrv,Mobility Disability,POINT (-73.7429906726058 41.7652670782153)
2023,NY,New York,Dutchess,BRFSS,Health Risk Behaviors,Current cigarette smoking among adults,%,Crude prevalence,11.0,,,8.8,13.6,"297,150","243,026",36027,RISKBEH,CSMOKING,CrdPrv,Current Cigarette Smoking,POINT (-73.7429906726058 41.7652670782153)
2023,NY,New York,Dutchess,BRFSS,Health Risk Behaviors,Current cigarette smoking among adults,%,Age-adjusted prevalence,11.3,,,9.1,13.9,"297,150","243,026",36027,RISKBEH,CSMOKING,AgeAdjPrv,Current Cigarette Smoking,POINT (-73.7429906726058 41.7652670782153)
2023,NY,New York,Dutchess,BRFSS,Health Outcomes,Current asthma among adults,%,Crude prevalence,10.4,,,9.2,11.6,"297,150","243,026",36027,HLTHOUT,CASTHMA,CrdPrv,Current Asthma,POINT (-73.7429906726058 41.7652670782153)
2023,NY,New York,Dutchess,BRFSS,Health-Related Social Needs,Housing insecurity in the past 12 months among adults,%,Age-adjusted prevalence,12.6,,,10.4,15.0,"297,150","243,026",36027,SOCLNEED,HOUSINSECU,AgeAdjPrv,Housing Insecurity,POINT (-73.7429906726058 41.7652670782153)
2023,NY,New York,Dutchess,BRFSS,Prevention,Visits to doctor for routine checkup within the past year among adults,%,Age-adjusted prevalence,77.8,,,74.4,80.8,"297,150","243,026",36027,PREVENT,CHECKUP,AgeAdjPrv,Annual Checkup,POINT (-73.7429906726058 41.7652670782153)
2023,NY,New York,Dutchess,BRFSS,Health Outcomes,Obesity among adults,%,Crude prevalence,28.2,,,23.1,33.4,"297,150","243,026",36027,HLTHOUT,OBESITY,CrdPrv,Obesity,POINT (-73.7429906726058 41.7652670782153)
2022,NY,New York,Dutchess,BRFSS,Prevention,Colorectal cancer screening among adults aged 45–75 years,%,Crude prevalence,70.2,,,65.6,74.0,"297,150","243,026",36027,PREVENT,COLON_SCREEN,CrdPrv,Colorectal Cancer Screening,POINT (-73.7429906726058 41.7652670782153)
2023,NY,New York,Dutchess,BRFSS,Prevention,Current lack of health insurance among adults aged 18-64 years,%,Crude prevalence,6.5,,,5.1,8.1,"297,150","243,026",36027,PREVENT,ACCESS2,CrdPrv,Health Insurance,POINT (-73.7429906726058 41.7652670782153)
2022,NY,New York,Dutchess,BRFSS,Prevention,Mammography use among women aged 50-74 years,%,Age-adjusted prevalence,77.2,,,70.4,82.7,"297,150","243,026",36027,PREVENT,MAMMOUSE,AgeAdjPrv,Mammography,POINT (-73.7429906726058 41.7652670782153)
2022,NY,New York,Dutchess,BRFSS,Health Outcomes,All teeth lost among adults aged >=65 years,%,Crude prevalence,15.4,,,12.7,18.3,"297,150","243,026",36027,HLTHOUT,TEETHLOST,CrdPrv,All Teeth Lost,POINT (-73.7429906726058 41.7652670782153)
2023,NY,New York,Dutchess,BRFSS,Health-Related Social Needs,Loneliness among adults,%,Crude prevalence,32.6,,,27.9,37.4,"297,150","243,026",36027,SOCLNEED,LONELINESS,CrdPrv,Loneliness,POINT (-73.7429906726058 41.7652670782153)
2023,NY,New York,Dutchess,BRFSS,Health Outcomes,Diagnosed diabetes among adults,%,Crude prevalence,9.9,,,8.5,11.4,"297,150","243,026",36027,HLTHOUT,DIABETES,CrdPrv,Diabetes,POINT (-73.7429906726058 41.7652670782153)
2023,NY,New York,Dutchess,BRFSS,Disability,Hearing disability among adults,%,Crude prevalence,5.6,,,4.9,6.4,"297,150","243,026",36027,DISABLT,HEARING,CrdPrv,Hearing Disability,POINT (-73.7429906726058 41.7652670782153)
2023,NY,New York,Dutchess,BRFSS,Health-Related Social Needs,Loneliness among adults,%,Age-adjusted prevalence,33.7,,,29.0,38.7,"297,150","243,026",36027,SOCLNEED,LONELINESS,AgeAdjPrv,Loneliness,POINT (-73.7429906726058 41.7652670782153)
2022,NY,New York,Dutchess,BRFSS,Health Risk Behaviors,Short sleep duration among adults,%,Crude prevalence,35.5,,,30.5,40.1,"297,150","243,026",36027,RISKBEH,SLEEP,CrdPrv,Short Sleep Duration,POINT (-73.7429906726058 41.7652670782153)
2023,NY,New York,Dutchess,BRFSS,Health Risk Behaviors,Binge drinking among adults,%,Crude prevalence,15.3,,,12.8,17.9,"297,150","243,026",36027,RISKBEH,BINGE,CrdPrv,Binge Drinking,POINT (-73.7429906726058 41.7652670782153)
2023,NY,New York,Dutchess,BRFSS,Health-Related Social Needs,Food insecurity in the past 12 months among adults,%,Crude prevalence,12.2,,,9.7,14.9,"297,150","243,026",36027,SOCLNEED,FOODINSECU,CrdPrv,Food Insecurity,POINT (-73.7429906726058 41.7652670782153)
2023,NY,New York,Dutchess,BRFSS,Health-Related Social Needs,Lack of social and emotional support among adults,%,Crude prevalence,23.6,,,20.1,27.5,"297,150","243,026",36027,SOCLNEED,EMOTIONSPT,CrdPrv,Lack of Social/Emotional Support,POINT (-73.7429906726058 41.7652670782153)
2023,NY,New York,Dutchess,BRFSS,Health-Related Social Needs,Received food stamps in the past 12 months among adults,%,Crude prevalence,10.0,,,7.9,12.4,"297,150","243,026",36027,SOCLNEED,FOODSTAMP,CrdPrv,Food Stamps,POINT (-73.7429906726058 41.7652670782153)
2022,NY,New York,Dutchess,BRFSS,Prevention,Colorectal cancer screening among adults aged 45–75 years,%,Age-adjusted prevalence,64.8,,,60.1,68.9,"297,150","243,026",36027,PREVENT,COLON_SCREEN,AgeAdjPrv,Colorectal Cancer Screening,POINT (-73.7429906726058 41.7652670782153)
2023,NY,New York,Dutchess,BRFSS,Health Outcomes,High blood pressure among adults,%,Crude prevalence,33.4,,,29.9,36.9,"297,150","243,026",36027,HLTHOUT,BPHIGH,CrdPrv,High Blood Pressure,POINT (-73.7429906726058 41.7652670782153)
2023,NY,New York,Dutchess,BRFSS,Prevention,Taking medicine to control high blood pressure among adults with high blood pressure,%,Crude prevalence,77.8,,,75.0,80.4,"297,150","243,026",36027,PREVENT,BPMED,CrdPrv,High Blood Pressure Medication,POINT (-73.7429906726058 41.7652670782153)
2023,NY,New York,Dutchess,BRFSS,Disability,Self-care disability among adults,%,Crude prevalence,3.2,,,2.8,3.8,"297,150","243,026",36027,DISABLT,SELFCARE,CrdPrv,Self-care Disability,POINT (-73.7429906726058 41.7652670782153)
2023,NY,New York,Dutchess,BRFSS,Disability,Cognitive disability among adults,%,Age-adjusted prevalence,12.2,,,10.3,14.1,"297,150","243,026",36027,DISABLT,COGNITION,AgeAdjPrv,Cognitive Disability,POINT (-73.7429906726058 41.7652670782153)
2023,NY,New York,Dutchess,BRFSS,Disability,Mobility disability among adults,%,Age-adjusted prevalence,9.9,,,8.3,11.7,"297,150","243,026",36027,DISABLT,MOBILITY,AgeAdjPrv,Mobility Disability,POINT (-73.7429906726058 41.7652670782153)
2023,NY,New York,Dutchess,BRFSS,Disability,Hearing disability among adults,%,Age-adjusted prevalence,4.7,,,4.1,5.4,"297,150","243,026",36027,DISABLT,HEARING,AgeAdjPrv,Hearing Disability,POINT (-73.7429906726058 41.7652670782153)
2022,NY,New York,Dutchess,BRFSS,Prevention,Visited dentist or dental clinic in the past year among adults,%,Crude prevalence,67.9,,,64.7,70.7,"297,150","243,026",36027,PREVENT,DENTAL,CrdPrv,Dental Visit,POINT (-73.7429906726058 41.7652670782153)
2023,NY,New York,Dutchess,BRFSS,Health-Related Social Needs,Housing insecurity in the past 12 months among adults,%,Crude prevalence,11.2,,,9.3,13.3,"297,150","243,026",36027,SOCLNEED,HOUSINSECU,CrdPrv,Housing Insecurity,POINT (-73.7429906726058 41.7652670782153)
2023,NY,New York,Dutchess,BRFSS,Health Outcomes,Depression among adults,%,Age-adjusted prevalence,19.6,,,16.9,22.5,"297,150","243,026",36027,HLTHOUT,DEPRESSION,AgeAdjPrv,Depression,POINT (-73.7429906726058 41.7652670782153)
2023,NY,New York,Dutchess,BRFSS,Prevention,Visits to doctor for routine checkup within the past year among adults,%,Crude prevalence,80.0,,,77.0,82.8,"297,150","243,026",36027,PREVENT,CHECKUP,CrdPrv,Annual Checkup,POINT (-73.7429906726058 41.7652670782153)
2023,NY,New York,Dutchess,BRFSS,Health-Related Social Needs,Lack of reliable transportation in the past 12 months among adults,%,Age-adjusted prevalence,7.4,,,6.2,8.7,"297,150","243,026",36027,SOCLNEED,LACKTRPT,AgeAdjPrv,Transportation Barriers,POINT (-73.7429906726058 41.7652670782153)
2023,NY,New York,Dutchess,BRFSS,Health-Related Social Needs,Utility services shut-off threat in the past 12 months among adults,%,Crude prevalence,6.5,,,5.4,7.7,"297,150","243,026",36027,SOCLNEED,SHUTUTILITY,CrdPrv,Utility Services Threat,POINT (-73.7429906726058 41.7652670782153)
2023,NY,New York,Dutchess,BRFSS,Health Outcomes,Current asthma among adults,%,Age-adjusted prevalence,10.4,,,9.3,11.7,"297,150","243,026",36027,HLTHOUT,CASTHMA,AgeAdjPrv,Current Asthma,POINT (-73.7429906726058 41.7652670782153)
2023,NY,New York,Dutchess,BRFSS,Health Status,Frequent mental distress among adults,%,Crude prevalence,14.8,,,13.0,17.0,"297,150","243,026",36027,HLTHSTAT,MHLTH,CrdPrv,Frequent Mental Distress,POINT (-73.7429906726058 41.7652670782153)
2022,NY,New York,Dutchess,BRFSS,Health Risk Behaviors,Short sleep duration among adults,%,Age-adjusted prevalence,36.5,,,31.5,41.2,"297,150","243,026",36027,RISKBEH,SLEEP,AgeAdjPrv,Short Sleep Duration,POINT (-73.7429906726058 41.7652670782153)
2023,NY,New York,Dutchess,BRFSS,Disability,Cognitive disability among adults,%,Crude prevalence,11.6,,,9.9,13.6,"297,150","243,026",36027,DISABLT,COGNITION,CrdPrv,Cognitive Disability,POINT (-73.7429906726058 41.7652670782153)
2023,NY,New York,Dutchess,BRFSS,Health-Related Social Needs,Lack of social and emotional support among adults,%,Age-adjusted prevalence,24.4,,,20.8,28.4,"297,150","243,026",36027,SOCLNEED,EMOTIONSPT,AgeAdjPrv,Lack of Social/Emotional Support,POINT (-73.7429906726058 41.7652670782153)
2023,NY,New York,Dutchess,BRFSS,Disability,Any disability among adults,%,Age-adjusted prevalence,23.9,,,20.5,27.8,"297,150","243,026",36027,DISABLT,DISABILITY,AgeAdjPrv,Any Disability,POINT (-73.7429906726058 41.7652670782153)
2023,NY,New York,Dutchess,BRFSS,Prevention,Taking medicine to control high blood pressure among adults with high blood pressure,%,Age-adjusted prevalence,57.6,,,53.5,61.5,"297,150","243,026",36027,PREVENT,BPMED,AgeAdjPrv,High Blood Pressure Medication,POINT (-73.7429906726058 41.7652670782153)
2023,NY,New York,Dutchess,BRFSS,Health Risk Behaviors,No leisure-time physical activity among adults,%,Crude prevalence,21.6,,,17.9,25.8,"297,150","243,026",36027,RISKBEH,LPA,CrdPrv,Physical Inactivity,POINT (-73.7429906726058 41.7652670782153)
2022,NY,New York,Dutchess,BRFSS,Health Outcomes,All teeth lost among adults aged >=65 years,%,Age-adjusted prevalence,15.8,,,13.0,18.7,"297,150","243,026",36027,HLTHOUT,TEETHLOST,AgeAdjPrv,All Teeth Lost,POINT (-73.7429906726058 41.7652670782153)
2023,NY,New York,Dutchess,BRFSS,Health Risk Behaviors,Binge drinking among adults,%,Age-adjusted prevalence,17.0,,,14.2,19.8,"297,150","243,026",36027,RISKBEH,BINGE,AgeAdjPrv,Binge Drinking,POINT (-73.7429906726058 41.7652670782153)
2023,NY,New York,Dutchess,BRFSS,Health Outcomes,Arthritis among adults,%,Age-adjusted prevalence,21.6,,,19.2,24.1,"297,150","243,026",36027,HLTHOUT,ARTHRITIS,AgeAdjPrv,Arthritis,POINT (-73.7429906726058 41.7652670782153)
2023,NY,New York,Dutchess,BRFSS,Health-Related Social Needs,Received food stamps in the past 12 months among adults,%,Age-adjusted prevalence,10.7,,,8.5,13.4,"297,150","243,026",36027,SOCLNEED,FOODSTAMP,AgeAdjPrv,Food Stamps,POINT (-73.7429906726058 41.7652670782153)
2023,NY,New York,Dutchess,BRFSS,Health Outcomes,Chronic obstructive pulmonary disease among adults,%,Crude prevalence,5.9,,,4.8,7.1,"297,150","243,026",36027,HLTHOUT,COPD,CrdPrv,COPD,POINT (-73.7429906726058 41.7652670782153)
2023,NY,New York,Dutchess,BRFSS,Health-Related Social Needs,Lack of reliable transportation in the past 12 months among adults,%,Crude prevalence,6.9,,,5.8,8.1,"297,150","243,026",36027,SOCLNEED,LACKTRPT,CrdPrv,Transportation Barriers,POINT (-73.7429906726058 41.7652670782153)
2023,NY,New York,Dutchess,BRFSS,Health Status,Frequent physical distress among adults,%,Age-adjusted prevalence,11.1,,,9.7,12.8,"297,150","243,026",36027,HLTHSTAT,PHLTH,AgeAdjPrv,Frequent Physical Distress,POINT (-73.7429906726058 41.7652670782153)
2023,NY,New York,Dutchess,BRFSS,Health Outcomes,High cholesterol among adults who have ever been screened,%,Age-adjusted prevalence,31.1,,,27.6,34.5,"297,150","243,026",36027,HLTHOUT,HIGHCHOL,AgeAdjPrv,High Cholesterol,POINT (-73.7429906726058 41.7652670782153)
2023,NY,New York,Dutchess,BRFSS,Health Status,Frequent physical distress among adults,%,Crude prevalence,11.9,,,10.3,13.8,"297,150","243,026",36027,HLTHSTAT,PHLTH,CrdPrv,Frequent Physical Distress,POINT (-73.7429906726058 41.7652670782153)
2023,NY,New York,Dutchess,BRFSS,Health Outcomes,Arthritis among adults,%,Crude prevalence,25.7,,,22.8,28.5,"297,150","243,026",36027,HLTHOUT,ARTHRITIS,CrdPrv,Arthritis,POINT (-73.7429906726058 41.7652670782153)
2023,NY,New York,Dutchess,BRFSS,Disability,Self-care disability among adults,%,Age-adjusted prevalence,2.9,,,2.5,3.3,"297,150","243,026",36027,DISABLT,SELFCARE,AgeAdjPrv,Self-care Disability,POINT (-73.7429906726058 41.7652670782153)
2023,NY,New York,Dutchess,BRFSS,Health Outcomes,Coronary heart disease among adults,%,Crude prevalence,6.0,,,5.2,6.8,"297,150","243,026",36027,HLTHOUT,CHD,CrdPrv,Coronary Heart Disease,POINT (-73.7429906726058 41.7652670782153)
2023,NY,New York,Dutchess,BRFSS,Health Outcomes,Coronary heart disease among adults,%,Age-adjusted prevalence,4.8,,,4.1,5.4,"297,150","243,026",36027,HLTHOUT,CHD,AgeAdjPrv,Coronary Heart Disease,POINT (-73.7429906726058 41.7652670782153)
2022,NY,New York,Dutchess,BRFSS,Prevention,Visited dentist or dental clinic in the past year among adults,%,Age-adjusted prevalence,67.7,,,64.5,70.5,"297,150","243,026",36027,PREVENT,DENTAL,AgeAdjPrv,Dental Visit,POINT (-73.7429906726058 41.7652670782153)
2023,NY,New York,Dutchess,BRFSS,Disability,Any disability among adults,%,Crude prevalence,25.5,,,21.8,29.7,"297,150","243,026",36027,DISABLT,DISABILITY,CrdPrv,Any Disability,POINT (-73.7429906726058 41.7652670782153)
2023,NY,New York,Dutchess,BRFSS,Health Outcomes,Cancer (non-skin) or melanoma among adults,%,Crude prevalence,8.8,,,7.9,9.7,"297,150","243,026",36027,HLTHOUT,CANCER,CrdPrv,Cancer (non-skin) or Melanoma,POINT (-73.7429906726058 41.7652670782153)
2023,NY,New York,Dutchess,BRFSS,Prevention,Cholesterol screening among adults,%,Age-adjusted prevalence,88.4,,,86.4,90.1,"297,150","243,026",36027,PREVENT,CHOLSCREEN,AgeAdjPrv,Cholesterol Screening,POINT (-73.7429906726058 41.7652670782153)
2023,NY,New York,Dutchess,BRFSS,Health Status,Fair or poor self-rated health status among adults,%,Crude prevalence,15.1,,,12.6,17.9,"297,150","243,026",36027,HLTHSTAT,GHLTH,CrdPrv,General Health,POINT (-73.7429906726058 41.7652670782153)
2023,NY,New York,Dutchess,BRFSS,Health Outcomes,Chronic obstructive pulmonary disease among adults,%,Age-adjusted prevalence,4.9,,,4.1,5.9,"297,150","243,026",36027,HLTHOUT,COPD,AgeAdjPrv,COPD,POINT (-73.7429906726058 41.7652670782153)
2023,NY,New York,Dutchess,BRFSS,Health Risk Behaviors,No leisure-time physical activity among adults,%,Age-adjusted prevalence,20.7,,,17.4,24.7,"297,150","243,026",36027,RISKBEH,LPA,AgeAdjPrv,Physical Inactivity,POINT (-73.7429906726058 41.7652670782153)
2023,NY,New York,Dutchess,BRFSS,Health Outcomes,Stroke among adults,%,Crude prevalence,3.1,,,2.8,3.6,"297,150","243,026",36027,HLTHOUT,STROKE,CrdPrv,Stroke,POINT (-73.7429906726058 41.7652670782153)
2023,NY,New York,Dutchess,BRFSS,Disability,Vision disability among adults,%,Age-adjusted prevalence,3.9,,,3.4,4.5,"297,150","243,026",36027,DISABLT,VISION,AgeAdjPrv,Vision Disability,POINT (-73.7429906726058 41.7652670782153)
2023,NY,New York,Dutchess,BRFSS,Disability,Independent living disability among adults,%,Age-adjusted prevalence,6.7,,,5.7,7.8,"297,150","243,026",36027,DISABLT,INDEPLIVE,AgeAdjPrv,Independent Living Disability,POINT (-73.7429906726058 41.7652670782153)
2023,NY,New York,Dutchess,BRFSS,Health Outcomes,High cholesterol among adults who have ever been screened,%,Crude prevalence,36.1,,,32.4,39.7,"297,150","243,026",36027,HLTHOUT,HIGHCHOL,CrdPrv,High Cholesterol,POINT (-73.7429906726058 41.7652670782153)
2023,NY,New York,Dutchess,BRFSS,Health Status,Frequent mental distress among adults,%,Age-adjusted prevalence,15.9,,,13.8,18.1,"297,150","243,026",36027,HLTHSTAT,MHLTH,AgeAdjPrv,Frequent Mental Distress,POINT (-73.7429906726058 41.7652670782153)
2023,NY,New York,Dutchess,BRFSS,Disability,Vision disability among adults,%,Crude prevalence,4.2,,,3.7,4.8,"297,150","243,026",36027,DISABLT,VISION,CrdPrv,Vision Disability,POINT (-73.7429906726058 41.7652670782153)
